{
    "ThreadPool": {
        "cpu": {
            "low": {
                "wall_time": 0.7254478931427002,
                "cpu_time": 0.729265384,
                "throughput": 5.513835022211822,
                "memory_mb": 26.125,
                "gil_eff": 0.25131556342412203,
                "speedup": 0.2553901094043577,
                "efficiency": 0.06384752735108942
            },
            "med": {
                "wall_time": 3.05708909034729,
                "cpu_time": 3.0258066140000004,
                "throughput": 1.3084342267387419,
                "memory_mb": 26.875,
                "gil_eff": 0.2474418085781288,
                "speedup": 0.24593193094469887,
                "efficiency": 0.06148298273617472
            },
            "high": {
                "wall_time": 12.042569160461426,
                "cpu_time": 12.062141903999999,
                "throughput": 0.3321550365791493,
                "memory_mb": 26.890625,
                "gil_eff": 0.25040632408412555,
                "speedup": 0.25502092686395433,
                "efficiency": 0.06375523171598858
            }
        },
        "memory": {
            "low": {
                "wall_time": 0.44481897354125977,
                "cpu_time": 0.4483797600000017,
                "throughput": 8.992422171553288,
                "memory_mb": 115.5,
                "gil_eff": 0.25200125594373485,
                "speedup": 0.25058717718654494,
                "efficiency": 0.06264679429663624
            },
            "med": {
                "wall_time": 0.9016640186309814,
                "cpu_time": 0.9021059999999999,
                "throughput": 4.4362422336352045,
                "memory_mb": 81.921875,
                "gil_eff": 0.25012254602598244,
                "speedup": 0.24761671064422652,
                "efficiency": 0.06190417766105663
            },
            "high": {
                "wall_time": 2.6833748817443848,
                "cpu_time": 2.685471232000001,
                "throughput": 1.4906601486109594,
                "memory_mb": 85.09375,
                "gil_eff": 0.2501953091114736,
                "speedup": 0.2531447219830669,
                "efficiency": 0.06328618049576673
            }
        },
        "io": {
            "low": {
                "wall_time": 0.028095006942749023,
                "cpu_time": 0.04698790399999808,
                "throughput": 142.37405273296616,
                "memory_mb": 128.28125,
                "gil_eff": 0.4181161451192049,
                "speedup": 0.25406698970629416,
                "efficiency": 0.06351674742657354
            },
            "med": {
                "wall_time": 0.1780998706817627,
                "cpu_time": 0.23278675200000265,
                "throughput": 22.459308839967605,
                "memory_mb": 213.40625,
                "gil_eff": 0.3267643473138129,
                "speedup": 0.18779392373545023,
                "efficiency": 0.04694848093386256
            },
            "high": {
                "wall_time": 0.7442400455474854,
                "cpu_time": 0.9227121919999988,
                "throughput": 5.374610011824182,
                "memory_mb": 226.78125,
                "gil_eff": 0.3099511365722144,
                "speedup": 0.183160135175612,
                "efficiency": 0.045790033793903
            }
        },
        "network": {
            "low": {
                "wall_time": 0.03743696212768555,
                "cpu_time": 0.010532735999998266,
                "throughput": 106.84627631796818,
                "memory_mb": 231.46875,
                "gil_eff": 0.0703364763150016,
                "speedup": 2.046050871852352,
                "efficiency": 0.511512717963088
            },
            "med": {
                "wall_time": 0.11346673965454102,
                "cpu_time": 0.045931647999999825,
                "throughput": 35.25262127191047,
                "memory_mb": 232.09375,
                "gil_eff": 0.10120068695866861,
                "speedup": 0.9652941497833643,
                "efficiency": 0.24132353744584106
            },
            "high": {
                "wall_time": 0.18825912475585938,
                "cpu_time": 0.048469759999999695,
                "throughput": 21.24731008490203,
                "memory_mb": 232.515625,
                "gil_eff": 0.0643657512787984,
                "speedup": 1.0197589714494133,
                "efficiency": 0.2549397428623533
            }
        }
    },
    "ProcessPool": {
        "cpu": {
            "low": {
                "wall_time": 0.2892458438873291,
                "cpu_time": 0.04468019400000145,
                "throughput": 13.829066465543178,
                "memory_mb": 232.625,
                "gil_eff": 0.038617835782461474,
                "speedup": 0.6758342709479593,
                "efficiency": 0.16895856773698983
            },
            "med": {
                "wall_time": 0.9109601974487305,
                "cpu_time": 0.014445335999997866,
                "throughput": 4.390971209502403,
                "memory_mb": 232.625,
                "gil_eff": 0.0039643159054737025,
                "speedup": 0.8254027120709456,
                "efficiency": 0.2063506780177364
            },
            "high": {
                "wall_time": 3.300060749053955,
                "cpu_time": 0.013650110000000382,
                "throughput": 1.2120988988298775,
                "memory_mb": 232.609375,
                "gil_eff": 0.0010340802062441977,
                "speedup": 0.8550890375854914,
                "efficiency": 0.21377225939637284
            }
        },
        "memory": {
            "low": {
                "wall_time": 0.20241808891296387,
                "cpu_time": 0.013233190000001116,
                "throughput": 19.76107976061333,
                "memory_mb": 171.953125,
                "gil_eff": 0.0163438826923358,
                "speedup": 0.5410475581358369,
                "efficiency": 0.13526188953395923
            },
            "med": {
                "wall_time": 0.32448720932006836,
                "cpu_time": 0.01313353400000139,
                "throughput": 12.327142288232606,
                "memory_mb": 162.125,
                "gil_eff": 0.010118683897834867,
                "speedup": 0.6869179822453817,
                "efficiency": 0.17172949556134542
            },
            "high": {
                "wall_time": 0.8224599361419678,
                "cpu_time": 0.013388228999996699,
                "throughput": 4.863458782884162,
                "memory_mb": 161.875,
                "gil_eff": 0.004069568744831149,
                "speedup": 0.8162038028818601,
                "efficiency": 0.20405095072046503
            }
        },
        "io": {
            "low": {
                "wall_time": 0.08960485458374023,
                "cpu_time": 0.013425144000002831,
                "throughput": 44.64043849612857,
                "memory_mb": 172.875,
                "gil_eff": 0.03745651968961224,
                "speedup": 0.07958119362477716,
                "efficiency": 0.01989529840619429
            },
            "med": {
                "wall_time": 0.14870810508728027,
                "cpu_time": 0.014307956999996208,
                "throughput": 26.898332122867856,
                "memory_mb": 237.0,
                "gil_eff": 0.024053761211600626,
                "speedup": 0.2382965624383745,
                "efficiency": 0.05957414060959362
            },
            "high": {
                "wall_time": 0.3698599338531494,
                "cpu_time": 0.014359000000002453,
                "throughput": 10.814904870415553,
                "memory_mb": 255.703125,
                "gil_eff": 0.009705701189645217,
                "speedup": 0.37665062640808866,
                "efficiency": 0.09416265660202217
            }
        },